Violation Description,Fine amount,Quantity,%
NO PARK/STREET CLEAN,73.0,2434742.0,28.867940255172208
METER EXP.,63.0,1483118.0,17.584845464271158
RED ZONE,93.0,621533.0,7.369313672913988
PREFERENTIAL PARKING,68.0,580289.0,6.880297042862704
DISPLAY OF TABS,25.0,517651.0,6.137618746064326
NO PARKING,73.0,378468.0,4.487371398076065
DISPLAY OF PLATES,25.0,231392.0,2.743539328407202
WHITE ZONE,58.0,189462.0,2.2463890205308967
NO STOP/STANDING,93.0,152131.0,1.803767552767235
PARKED OVER TIME LIMIT,58.0,147286.0,1.74632197104387
PARKED OVER TIME LIM,58.0,136763.0,1.6215541988096136
STANDNG IN ALLEY,68.0,118141.0,1.4007592302126055
BLOCKING DRIVEWAY,68.0,104341.0,1.2371371398550333
STOP/STAND PROHIBIT,93.0,93846.0,1.112701354470778
YELLOW ZONE,58.0,89492.0,1.0610773992956424
NO STOP/STAND,93.0,86157.0,1.0215353941258958
NO EVIDENCE OF REG,50.0,82835.0,0.9821475257079352
PARKED ON SIDEWALK,68.0,77153.0,0.9147779085041869
18 IN. CURB/2 WAY,63.0,73846.0,0.8755678901844413
EXCEED 72HRS-ST,68.0,71408.0,0.8466613208879368
FIRE HYDRANT,68.0,65634.0,0.7782008897484713
DOUBLE PARKING,68.0,55170.0,0.6541326612338599
OUTSIDE LINES/METER,58.0,52970.0,0.6280479801623629
NO STOPPING/ANTI-GRIDLOCK ZONE,163.0,49126.0,0.5824709283265289
OFF STR/OVERTIME/MTR,58.0,44496.0,0.527574531344242
NO STOPPING/ANTI-GRI,163.0,40488.0,0.4800529851012601
EXPIRED TAGS,25.0,24882.0,0.2950177429186316
COMM VEH OVER TIME LIMIT,133.0,19078.0,0.22620161158273663
COMM VEH OVER TIME L,78.0,17860.0,0.21176018360769874
PRIVATE PROPERTY,68.0,17829.0,0.2113926267380549
METER EXPIRED,63.0,17678.0,0.20960226908269308
WHITE CURB,58.0,16073.0,0.19057230857371454
DISABLED PARKING/NO DP ID,363.0,15397.0,0.18255719748083635
PARKED IN PARKWAY,63.0,15301.0,0.18141895685226192
NO STOPPING/STANDING,93.0,15108.0,0.17913061892189877
OVNIGHT PRK W/OUT PE,68.0,13507.0,0.16014808510577752
PK IN PROH AREA,68.0,13381.0,0.15865414428077362
18 IN/CURB/COMM VEH,63.0,12522.0,0.14846926198967544
PREF PARKING,68.0,12379.0,0.14677375772002815
DISABLED PARKING/NO,363.0,12360.0,0.14654848092895612
RESTRICTED TAXI ZONE,68.0,10913.0,0.12939187478783967
HANDICAP/NO DP ID,363.0,9608.0,0.11391891624315617
DSPLYPLATE A,25.0,9275.0,0.10997064406278868
22500H,68.0,8403.0,0.09963162501990439
COMM TRAILER/22 FT.,78.0,8383.0,0.09939449155561804
PARKED IN BUS ZONE,293.0,7688.0,0.09115410367166785
PARKED IN CROSSWALK,68.0,7559.0,0.08962459282702098
CITY PARK/PROHIB,58.0,6937.0,0.0822497420877159
NO STOP/STAND PM,93.0,6212.0,0.0736536540073362
18 IN. CURB/1 WAY,63.0,5727.0,0.06790316749839252
22514,68.0,5427.0,0.06434616553409747
22500F,68.0,5411.0,0.06415645876266841
SAFETY ZONE/CURB,68.0,5353.0,0.06346877171623803
OFF STR MTR/OUT LINE,58.0,5273.0,0.06252023785909269
STNDNG IN ALLEY,68.0,5222.0,0.06191554752516253
WITHIN INTERSECTION,68.0,5046.0,0.05982877303944276
PARKING/FRONT YARD,68.0,4912.0,0.0582399788287243
PARKED IN FIRE LANE,63.0,4611.0,0.054671120191214936
22500E,68.0,4359.0,0.0516832385412071
WRG SD/NOT PRL,63.0,4129.0,0.048956203701914225
RED CURB,93.0,3959.0,0.04694056925548036
PK OUTSD PK STL,58.0,3749.0,0.044450667880473825
BLK BIKE PATH OR LANE,93.0,3697.0,0.04383412087332935
GREEN ZONE,58.0,3639.0,0.04314643382689898
PKD OVER TIME LIMIT,58.0,3593.0,0.0426010268590404
5200,25.0,3528.0,0.04183034310010981
22502A,63.0,3254.0,0.038581614639386995
5204,25.0,3177.0,0.0376686508018846
NO STOP/STAND AM,93.0,3142.0,0.0372536672393835
PARKING AREA,58.0,3103.0,0.03679125698402515
DISABLED PARKING/CROSS HATCH,363.0,3044.0,0.03609171326438046
NO PARKING BETWEEN POSTED HOURS,68.0,2975.0,0.03527360281259259
PARK IN GRID LOCK ZN,163.0,2948.0,0.03495347263580604
DP- RO NOT PRESENT,363.0,2901.0,0.03439620899473315
2251157A,363.0,2880.0,0.03414721885723249
CARSHARE PARKING,163.0,2785.0,0.033020834901872395
DP-BLKNG ACCESS RAMP,363.0,2682.0,0.03179959756079776
DISABLED PARKING/CRO,363.0,2636.0,0.031254190592939185
4000A,50.0,2558.0,0.030329370082222473
BLK BIKE PATH OR LAN,93.0,2322.0,0.027531195203643697
TIME LIMIT/CITY LOT,63.0,2119.0,0.02512429054113738
EXCEED 72 HOURS,68.0,2056.0,0.02437732012863542
3 FT. SIDEWALK RAMP,363.0,1977.0,0.02344064294470439
NO PK BET 1-3AM,68.0,1838.0,0.021792565367914348
22500I,293.0,1447.0,0.017156606141116464
PK OVERSIZ,73.0,1343.0,0.015923512126827515
NO PARKING BETWEEN P,68.0,1156.0,0.013706314235750264
OVERNIGHT PARKING,63.0,1051.0,0.012461363548246996
PKD IN/ON PARKWAY,63.0,1040.0,0.012330940142889511
LOAD/UNLOAD ONLY,93.0,1006.0,0.011927813253602738
PARK-PSTD AREAS,93.0,955.0,0.01132312291967258
2251157B,363.0,951.0,0.011275696226815313
17104h,,850.0,0.010078172232169313
22500B,68.0,841.0,0.00997146217324046
EXCEED TIME LMT,58.0,803.0,0.00952090859109642
80581,163.0,751.0,0.008904361583951945
PK OTSD PSTD AR,58.0,708.0,0.008394524635736322
COMVEH RES/OV TM LMT,78.0,680.0,0.00806253778573545
80691a,,545.0,0.006461886901802677
DISABLED PARKING/OBSTRUCT ACCESS,363.0,518.0,0.006141756725016122
HANDICAP/ON LINE,363.0,434.0,0.005145796175013507
DISABLED PARKING/OBS,363.0,426.0,0.0050509427892989735
PK OUTSD SPACE,58.0,424.0,0.005027229442870339
RED FLAG DAY,68.0,424.0,0.005027229442870339
R/PRIV PARKING AREA,93.0,414.0,0.004908662710727171
HANDICAP/CROSS HATCH,363.0,388.0,0.004600389207154934
PUBLIC GROUNDS,63.0,369.0,0.004375112416082913
PARKING OUTSIDE PARKING STALLS,58.0,341.0,0.004043125566082041
DISABLED PARKING/BOUNDARIES,363.0,338.0,0.004007555546439091
225078,60.0,337.0,0.003995698873224774
8755,105.0,334.0,0.003960128853581824
6344,,331.0,0.003924558833938873
HANDICPD/BLOCKING,363.0,328.0,0.0038889888142959227
COMVEH RES/OV TM C-3,133.0,317.0,0.0037585654089384375
PARKING/FRONT YARD 1,68.0,306.0,0.003628142003580953
SIGN POSTED - NO PARKING,68.0,301.0,0.0035688586375093685
SIGN PSTD-NO PK,68.0,279.0,0.0033080118267943977
OBST FIRE RD,105.0,272.0,0.0032250151142941804
DISABLED PARKING/BOU,363.0,272.0,0.0032250151142941804
22502E,63.0,268.0,0.003177588421436913
22500A,68.0,266.0,0.003153875075008279
8709b,,265.0,0.003142018401793962
CLEANING VEH/STREET,53.0,259.0,0.003070878362508061
PK TRAILER,78.0,232.0,0.0027507481857215067
17104c,,215.0,0.0025491847410781202
RESTRICTED ZONE,68.0,206.0,0.0024424746821492685
COMVEH RES/OV TM B-2,103.0,201.0,0.0023831913160776846
5201F,25.0,177.0,0.0020986311589340804
22522,363.0,177.0,0.0020986311589340804
STORING VEH/ON STR,93.0,176.0,0.0020867744857197635
PARK FIRE LANE,63.0,173.0,0.002051204466076813
PARKING PROHIB,68.0,162.0,0.0019207810607193279
5201A,,162.0,0.0019207810607193279
VEH/LOAD OVR 6' HIGH,58.0,156.0,0.0018496410214334266
PK OVR PNTD LNS,58.0,152.0,0.0018022143285761595
8054,,151.0,0.0017903576553618423
21113A,63.0,150.0,0.0017785009821475258
PERIOD OF DISPLAY,25.0,150.0,0.0017785009821475258
22500,,148.0,0.001754787635718892
DP-REFUSE ID,363.0,145.0,0.0017192176160759414
LEFT SIDE OF ROADWAY,58.0,137.0,0.0016243642303614067
2251157C,363.0,134.0,0.0015887942107184565
UNATT/MOTOR ON,63.0,128.0,0.0015176541714325552
AUDIBLE ALARM,58.0,118.0,0.0013990874392893868
22651D,,101.0,0.0011975239946460006
5200A1,,101.0,0.0011975239946460006
8502,,98.0,0.0011619539750030502
5201G,,95.0,0.0011263839553600995
26708A1,,94.0,0.0011145272821457828
DP-ALTERED,363.0,92.0,0.001090813935717149
PRKG PUBL GRNDS,40.0,90.0,0.0010671005892885154
OVERSIZED VEHICLE PARKING,63.0,89.0,0.0010552439160741985
PK-15FT FIRE ST,68.0,89.0,0.0010552439160741985
8606B,,87.0,0.001031530569645565
22502,40.0,86.0,0.001019673896431248
22651K,,82.0,0.0009722472035739807
ILGL EXT OF TM,63.0,79.0,0.0009366771839310303
PARKING UNHITCHED TR,78.0,78.0,0.0009248205107167133
PK OVERSIZED 1ST,73.0,75.0,0.0008892504910737629
4000,50.0,74.0,0.000877393817859446
52011C,,72.0,0.0008536804714308122
57490884,,69.0,0.0008181104517878618
FOR SALE SIGN,105.0,65.0,0.0007706837589305945
BLOCK HANDICAP ACCES,363.0,65.0,0.0007706837589305945
8306,,64.0,0.0007588270857162776
22523A,143.0,58.0,0.0006876870464303767
REPAIRING VEH/STREET,53.0,56.0,0.0006639737000017429
ADVERTISING ON VEH,88.0,53.0,0.0006284036803587923
BLOCKING INTERSECTION,88.0,51.0,0.0006046903339301588
DP-SUBPLATE,363.0,49.0,0.0005809769875015251
OVERSIZED VEHICLE PA,63.0,46.0,0.0005454069678585746
STOP/STAND PROHB,93.0,45.0,0.0005335502946442577
DSPLYPLATE B,25.0,44.0,0.0005216936214299409
22523B,143.0,42.0,0.0004979802750013072
81714,,42.0,0.0004979802750013072
5200F,,41.0,0.00048612360178699034
PARK IN XWALK,68.0,40.0,0.00047426692857267355
BLOCKING INTERSECTIO,88.0,39.0,0.00046241025535835665
PK OVR 2 SPACES,58.0,36.0,0.0004268402357154061
OVERSIZED VEHICLE PARKING TOPHAM ST,63.0,34.0,0.00040312688928677255
2251157,345.0,34.0,0.00040312688928677255
NO COIN DEP IN METER,63.0,34.0,0.00040312688928677255
6344K12,,34.0,0.00040312688928677255
22502B,,34.0,0.00040312688928677255
PK OVERSIZED 2ND,98.0,33.0,0.00039127021607245565
6344K1,,32.0,0.0003794135428581388
PK OVERSIZED 3RD,128.0,32.0,0.0003794135428581388
22651B,,32.0,0.0003794135428581388
PARK RESTRCD,58.0,32.0,0.0003794135428581388
22500D,68.0,32.0,0.0003794135428581388
5202A,,31.0,0.00036755686964382196
5201B,,30.0,0.0003557001964295052
22500C,68.0,30.0,0.0003557001964295052
80741,,29.0,0.00034384352321518833
PRK IN ELEC VEH SPACE,63.0,28.0,0.00033198685000087144
22500E1,68.0,28.0,0.00033198685000087144
5204A1,,28.0,0.00033198685000087144
SIGN POSTED - NO PAR,68.0,27.0,0.00032013017678655465
PARKING OUTSIDE OF S,35.0,27.0,0.00032013017678655465
PARKING OUTSIDE PARK,58.0,27.0,0.00032013017678655465
22400A,,27.0,0.00032013017678655465
5201C,,25.0,0.00029641683035792096
40001A,,24.0,0.0002845601571436041
6644K7,,23.0,0.0002727034839292873
ABAND VEH/HIGHWAY,143.0,23.0,0.0002727034839292873
BICYCLE PARKING,53.0,22.0,0.00026084681071497043
6FT OF RR TRACK,63.0,21.0,0.0002489901375006536
80703,,20.0,0.00023713346428633677
RV-OVERNIGHT,93.0,20.0,0.00023713346428633677
CATERING VIOLATION,73.0,20.0,0.00023713346428633677
ANGLE PKD,45.0,20.0,0.00023713346428633677
8603B,68.0,19.0,0.00022527679107201993
8344K2,,19.0,0.00022527679107201993
PARK RED FLAG DAY,68.0,19.0,0.00022527679107201993
8069,,19.0,0.00022527679107201993
PARKING/FRONT YARD 2,93.0,19.0,0.00022527679107201993
PK TRLR-PUBL AR,55.0,19.0,0.00022527679107201993
26101B,,19.0,0.00022527679107201993
MT FIRE RD NO PERMIT,105.0,18.0,0.00021342011785770306
806910,,18.0,0.00021342011785770306
POSITION OF PLATES,25.0,18.0,0.00021342011785770306
OFF STREET/OVERTIME,63.0,18.0,0.00021342011785770306
80692A,,17.0,0.00020156344464338627
FR FORGN JURIS,25.0,17.0,0.00020156344464338627
FAIL DEP COIN,63.0,17.0,0.00020156344464338627
PK ON PRIV ST,93.0,16.0,0.0001897067714290694
4204A,,16.0,0.0001897067714290694
6344K,,16.0,0.0001897067714290694
PARKED ON BRIDGE,68.0,16.0,0.0001897067714290694
MORE 18-CURB,63.0,16.0,0.0001897067714290694
MISUSE/DP PRIVILEGE,363.0,16.0,0.0001897067714290694
8755*,255.0,16.0,0.0001897067714290694
80661,,15.0,0.0001778500982147526
8049A,,15.0,0.0001778500982147526
OUTSIDE MARKER,58.0,15.0,0.0001778500982147526
4464,58.0,15.0,0.0001778500982147526
ABAND VEH/PUB/PRIV,143.0,14.0,0.00016599342500043572
8606A,58.0,14.0,0.00016599342500043572
8577,,14.0,0.00016599342500043572
80391B,,14.0,0.00016599342500043572
22515,63.0,14.0,0.00016599342500043572
8009H,,13.0,0.0001541367517861189
OBSTR EXCAVATN,68.0,13.0,0.0001541367517861189
22500J,68.0,13.0,0.0001541367517861189
22651R,,12.0,0.00014228007857180206
PK TRAILER 2,103.0,12.0,0.00014228007857180206
572521,,12.0,0.00014228007857180206
IN PARK AFT HRS,55.0,12.0,0.00014228007857180206
6803,,12.0,0.00014228007857180206
5204C,,12.0,0.00014228007857180206
2265101A,,12.0,0.00014228007857180206
8602B,,11.0,0.00013042340535748522
22500G,68.0,11.0,0.00013042340535748522
LOADING ZONES,58.0,11.0,0.00013042340535748522
PARKED IN ELEC VEHICLE SPACE,63.0,11.0,0.00013042340535748522
8939B,,11.0,0.00013042340535748522
22502B2,,11.0,0.00013042340535748522
80361A,,11.0,0.00013042340535748522
8969A,,10.0,0.00011856673214316839
80744,,10.0,0.00011856673214316839
8501B,,10.0,0.00011856673214316839
80714A,,10.0,0.00011856673214316839
HANDICPD/ON LINE,353.0,10.0,0.00011856673214316839
8003,,9.0,0.00010671005892885153
YELLOW CURB,58.0,9.0,0.00010671005892885153
22515A,,9.0,0.00010671005892885153
DEF WINDSHIELD,35.0,9.0,0.00010671005892885153
22400H,,9.0,0.00010671005892885153
STATE HIGHWAY PARKNG,63.0,9.0,0.00010671005892885153
MOB BILBD ADV DISP,255.0,9.0,0.00010671005892885153
8056,,9.0,0.00010671005892885153
8066,,9.0,0.00010671005892885153
PARALLEL PK RQD,58.0,9.0,0.00010671005892885153
26708,,9.0,0.00010671005892885153
WRG VEH REGISTR,25.0,9.0,0.00010671005892885153
PK TRAILER 3,133.0,9.0,0.00010671005892885153
STANDING IN ALLEY,68.0,9.0,0.00010671005892885153
8960,,8.0,9.48533857145347e-05
80704,,8.0,9.48533857145347e-05
22523AB,,8.0,9.48533857145347e-05
226515,,8.0,9.48533857145347e-05
2250A,,8.0,9.48533857145347e-05
26708A,,8.0,9.48533857145347e-05
8003A,,8.0,9.48533857145347e-05
82732,,8.0,9.48533857145347e-05
5402A,,8.0,9.48533857145347e-05
267085,,8.0,9.48533857145347e-05
VIO-PERM/PARK,68.0,7.0,8.299671250021786e-05
BLK INT PROHIB,93.0,7.0,8.299671250021786e-05
22651,,7.0,8.299671250021786e-05
RESTRCTD ZONES,45.0,7.0,8.299671250021786e-05
PK NR FIRE HYDR,68.0,7.0,8.299671250021786e-05
8403,,7.0,8.299671250021786e-05
225022,,7.0,8.299671250021786e-05
22502C,,7.0,8.299671250021786e-05
8071,73.0,7.0,8.299671250021786e-05
ON RR TRACK/7.5 FT,63.0,7.0,8.299671250021786e-05
80733,,7.0,8.299671250021786e-05
8755**,505.0,6.0,7.114003928590103e-05
NO PARK STRT CLEAN,73.0,6.0,7.114003928590103e-05
PARK LOT - STRT/ALY,63.0,6.0,7.114003928590103e-05
22500K,68.0,6.0,7.114003928590103e-05
5402,,6.0,7.114003928590103e-05
24002A,,6.0,7.114003928590103e-05
UNINCORP AREA,63.0,6.0,7.114003928590103e-05
80691O,,6.0,7.114003928590103e-05
8709,,6.0,7.114003928590103e-05
8805A,,6.0,7.114003928590103e-05
COMMERCIAL - UNDESIG,35.0,6.0,7.114003928590103e-05
8009K,,6.0,7.114003928590103e-05
21458,,6.0,7.114003928590103e-05
22658A,,6.0,7.114003928590103e-05
6344B14C,,6.0,7.114003928590103e-05
6344B14A,,6.0,7.114003928590103e-05
225111A,,5.0,5.9283366071584194e-05
52011A,,5.0,5.9283366071584194e-05
8056E,,5.0,5.9283366071584194e-05
TRAILER   6' HIGH,58.0,5.0,5.9283366071584194e-05
6344B14B,,5.0,5.9283366071584194e-05
2500H,,5.0,5.9283366071584194e-05
22651E,,5.0,5.9283366071584194e-05
8056A1,,5.0,5.9283366071584194e-05
2251175A,345.0,5.0,5.9283366071584194e-05
22651O,,5.0,5.9283366071584194e-05
40001,50.0,5.0,5.9283366071584194e-05
22521,63.0,5.0,5.9283366071584194e-05
6644K2,,5.0,5.9283366071584194e-05
W/I 25 FT. CROSSWALK,58.0,5.0,5.9283366071584194e-05
8063,,5.0,5.9283366071584194e-05
80417,,5.0,5.9283366071584194e-05
26708A2,,5.0,5.9283366071584194e-05
80723,,5.0,5.9283366071584194e-05
52011E,,5.0,5.9283366071584194e-05
8060,,5.0,5.9283366071584194e-05
29003A,,5.0,5.9283366071584194e-05
22669A,,5.0,5.9283366071584194e-05
22400,,4.0,4.742669285726735e-05
5200H,,4.0,4.742669285726735e-05
22651N,,4.0,4.742669285726735e-05
6433K7,,4.0,4.742669285726735e-05
8969B,,4.0,4.742669285726735e-05
57490883,,4.0,4.742669285726735e-05
22652,,4.0,4.742669285726735e-05
44625,,4.0,4.742669285726735e-05
5749089,,4.0,4.742669285726735e-05
4463,,4.0,4.742669285726735e-05
5204F,25.0,4.0,4.742669285726735e-05
6244K2,,4.0,4.742669285726735e-05
22502A2,63.0,4.0,4.742669285726735e-05
FRONT BUMP REQ,35.0,4.0,4.742669285726735e-05
22450H,,4.0,4.742669285726735e-05
6341K2,,4.0,4.742669285726735e-05
80371,,4.0,4.742669285726735e-05
8344B4,,4.0,4.742669285726735e-05
82714,,3.0,3.5570019642950515e-05
26710A,,3.0,3.5570019642950515e-05
8062,,3.0,3.5570019642950515e-05
80701,,3.0,3.5570019642950515e-05
26700,,3.0,3.5570019642950515e-05
22508A,,3.0,3.5570019642950515e-05
225115A,,3.0,3.5570019642950515e-05
226510A1,,3.0,3.5570019642950515e-05
8055,,3.0,3.5570019642950515e-05
HAZARDOUS AREA,58.0,3.0,3.5570019642950515e-05
5204B,,3.0,3.5570019642950515e-05
52011B,,3.0,3.5570019642950515e-05
TRAILER NOT ATTACHED,55.0,3.0,3.5570019642950515e-05
4200A,,3.0,3.5570019642950515e-05
80614,,3.0,3.5570019642950515e-05
4755,,3.0,3.5570019642950515e-05
22101D,,3.0,3.5570019642950515e-05
PK BYND TM LMTS,58.0,3.0,3.5570019642950515e-05
2500E,,3.0,3.5570019642950515e-05
4461C,,3.0,3.5570019642950515e-05
2504A,,3.0,3.5570019642950515e-05
22503B,,3.0,3.5570019642950515e-05
26703B,,3.0,3.5570019642950515e-05
FUEL CAP REQ,35.0,3.0,3.5570019642950515e-05
TEMPORARY NO PARKING,68.0,3.0,3.5570019642950515e-05
CATERING/W/I 200 FT,68.0,3.0,3.5570019642950515e-05
8303,,3.0,3.5570019642950515e-05
PARKNG IN TUNNEL,68.0,3.0,3.5570019642950515e-05
22651J,,3.0,3.5570019642950515e-05
80361,,3.0,3.5570019642950515e-05
22651H,,3.0,3.5570019642950515e-05
RGSTR CARD RQD,25.0,3.0,3.5570019642950515e-05
80711,,3.0,3.5570019642950515e-05
2250H,,3.0,3.5570019642950515e-05
89391,,3.0,3.5570019642950515e-05
12500H,,3.0,3.5570019642950515e-05
225157A,,2.0,2.3713346428633675e-05
8056F1A,,2.0,2.3713346428633675e-05
22507A,63.0,2.0,2.3713346428633675e-05
522521E,,2.0,2.3713346428633675e-05
80174,,2.0,2.3713346428633675e-05
22699A,,2.0,2.3713346428633675e-05
267085A,,2.0,2.3713346428633675e-05
80714E,,2.0,2.3713346428633675e-05
52006,,2.0,2.3713346428633675e-05
8501A,,2.0,2.3713346428633675e-05
8060A,,2.0,2.3713346428633675e-05
225078BC,25.0,2.0,2.3713346428633675e-05
2250B,,2.0,2.3713346428633675e-05
8060C,,2.0,2.3713346428633675e-05
1504A,,2.0,2.3713346428633675e-05
8630,,2.0,2.3713346428633675e-05
5344K7,,2.0,2.3713346428633675e-05
4463A1,,2.0,2.3713346428633675e-05
8079,,2.0,2.3713346428633675e-05
146011A,,2.0,2.3713346428633675e-05
226510,,2.0,2.3713346428633675e-05
225078A2,363.0,2.0,2.3713346428633675e-05
21211,,2.0,2.3713346428633675e-05
SPEC. PLATE NOT DISP,35.0,2.0,2.3713346428633675e-05
22651A,,2.0,2.3713346428633675e-05
30FT W/IN INTSC,58.0,2.0,2.3713346428633675e-05
8086,,2.0,2.3713346428633675e-05
25001,,2.0,2.3713346428633675e-05
22502a,,2.0,2.3713346428633675e-05
5000A1,,2.0,2.3713346428633675e-05
70841,,2.0,2.3713346428633675e-05
226513,,2.0,2.3713346428633675e-05
2504,,2.0,2.3713346428633675e-05
22651C,,2.0,2.3713346428633675e-05
4201A,,2.0,2.3713346428633675e-05
2500E1,,2.0,2.3713346428633675e-05
8075,,2.0,2.3713346428633675e-05
21458A,,2.0,2.3713346428633675e-05
57490889,,2.0,2.3713346428633675e-05
89691A,78.0,2.0,2.3713346428633675e-05
22507,,2.0,2.3713346428633675e-05
DEFECT WIPERS,35.0,2.0,2.3713346428633675e-05
22511B7B,,2.0,2.3713346428633675e-05
4461D,,2.0,2.3713346428633675e-05
8071D,,2.0,2.3713346428633675e-05
225117A,,2.0,2.3713346428633675e-05
2250E,,2.0,2.3713346428633675e-05
PARKING-SNOW AREA,63.0,2.0,2.3713346428633675e-05
5404,,2.0,2.3713346428633675e-05
6342K2,,2.0,2.3713346428633675e-05
REAR/SD MIR RQD,35.0,2.0,2.3713346428633675e-05
PSGR LOADING ZN,35.0,2.0,2.3713346428633675e-05
22523,143.0,2.0,2.3713346428633675e-05
225002A,63.0,2.0,2.3713346428633675e-05
80691G,,2.0,2.3713346428633675e-05
5200C,25.0,2.0,2.3713346428633675e-05
5749884,,2.0,2.3713346428633675e-05
2205A,,2.0,2.3713346428633675e-05
8753,255.0,2.0,2.3713346428633675e-05
6544K2,,2.0,2.3713346428633675e-05
226500,,2.0,2.3713346428633675e-05
DISABLED PERSON,55.0,2.0,2.3713346428633675e-05
890906,,2.0,2.3713346428633675e-05
4118A,,2.0,2.3713346428633675e-05
80734,,2.0,2.3713346428633675e-05
225021,,2.0,2.3713346428633675e-05
21657,,2.0,2.3713346428633675e-05
8969,,2.0,2.3713346428633675e-05
5206,,2.0,2.3713346428633675e-05
806911,,2.0,2.3713346428633675e-05
8663,,2.0,2.3713346428633675e-05
5344K2,,2.0,2.3713346428633675e-05
52001,25.0,2.0,2.3713346428633675e-05
5200J,,2.0,2.3713346428633675e-05
VETS EXEMPTION,55.0,2.0,2.3713346428633675e-05
8203,,2.0,2.3713346428633675e-05
8302,,2.0,2.3713346428633675e-05
5400A,,2.0,2.3713346428633675e-05
CLOSED MT FIRE RD,105.0,2.0,2.3713346428633675e-05
21970A,,2.0,2.3713346428633675e-05
21970,,1.0,1.1856673214316838e-05
8690,,1.0,1.1856673214316838e-05
225027,63.0,1.0,1.1856673214316838e-05
2500J,,1.0,1.1856673214316838e-05
22009D,,1.0,1.1856673214316838e-05
21209A,,1.0,1.1856673214316838e-05
22502AE,63.0,1.0,1.1856673214316838e-05
22052A,,1.0,1.1856673214316838e-05
807141A,68.0,1.0,1.1856673214316838e-05
22657M,,1.0,1.1856673214316838e-05
6344B,58.0,1.0,1.1856673214316838e-05
2265101,,1.0,1.1856673214316838e-05
572821E,,1.0,1.1856673214316838e-05
8633,,1.0,1.1856673214316838e-05
4200A1,,1.0,1.1856673214316838e-05
8071A,,1.0,1.1856673214316838e-05
21461,35.0,1.0,1.1856673214316838e-05
5200AB,25.0,1.0,1.1856673214316838e-05
24651D,,1.0,1.1856673214316838e-05
226555,,1.0,1.1856673214316838e-05
22503E,,1.0,1.1856673214316838e-05
12003A,,1.0,1.1856673214316838e-05
80721,,1.0,1.1856673214316838e-05
8604,,1.0,1.1856673214316838e-05
80661A,,1.0,1.1856673214316838e-05
5630,,1.0,1.1856673214316838e-05
8014,,1.0,1.1856673214316838e-05
26708CA1,,1.0,1.1856673214316838e-05
PARK NEAR EMERG VEH,63.0,1.0,1.1856673214316838e-05
2250,,1.0,1.1856673214316838e-05
21907A,,1.0,1.1856673214316838e-05
7344K7,,1.0,1.1856673214316838e-05
22900H,,1.0,1.1856673214316838e-05
8609,,1.0,1.1856673214316838e-05
22659D,,1.0,1.1856673214316838e-05
4876,,1.0,1.1856673214316838e-05
2501A,,1.0,1.1856673214316838e-05
OFF STR MTR/NO COIN,58.0,1.0,1.1856673214316838e-05
5203B,,1.0,1.1856673214316838e-05
231113A,,1.0,1.1856673214316838e-05
8060ABC,,1.0,1.1856673214316838e-05
86691C,,1.0,1.1856673214316838e-05
267086,,1.0,1.1856673214316838e-05
22900,,1.0,1.1856673214316838e-05
3000A1,,1.0,1.1856673214316838e-05
574908,,1.0,1.1856673214316838e-05
5304A,,1.0,1.1856673214316838e-05
22562A,,1.0,1.1856673214316838e-05
8051H1,,1.0,1.1856673214316838e-05
52500,,1.0,1.1856673214316838e-05
8064,,1.0,1.1856673214316838e-05
22504,,1.0,1.1856673214316838e-05
225111,,1.0,1.1856673214316838e-05
WRG SD-DUAL RWY,35.0,1.0,1.1856673214316838e-05
572125D,105.0,1.0,1.1856673214316838e-05
2251155A,,1.0,1.1856673214316838e-05
5400,,1.0,1.1856673214316838e-05
5203A,,1.0,1.1856673214316838e-05
2251137,,1.0,1.1856673214316838e-05
8052,,1.0,1.1856673214316838e-05
23112A,,1.0,1.1856673214316838e-05
27465B1,,1.0,1.1856673214316838e-05
5201B2,,1.0,1.1856673214316838e-05
87714,,1.0,1.1856673214316838e-05
26708AE,,1.0,1.1856673214316838e-05
806601D,,1.0,1.1856673214316838e-05
5201E,,1.0,1.1856673214316838e-05
8094,,1.0,1.1856673214316838e-05
5200O,,1.0,1.1856673214316838e-05
6341K7,,1.0,1.1856673214316838e-05
PK/PARALL/CURB,35.0,1.0,1.1856673214316838e-05
6344B4,,1.0,1.1856673214316838e-05
24600E,,1.0,1.1856673214316838e-05
25268,,1.0,1.1856673214316838e-05
8058,,1.0,1.1856673214316838e-05
8502A2,,1.0,1.1856673214316838e-05
8644K7,,1.0,1.1856673214316838e-05
16028A,,1.0,1.1856673214316838e-05
80622,,1.0,1.1856673214316838e-05
80774,,1.0,1.1856673214316838e-05
146011A1,,1.0,1.1856673214316838e-05
80732V,,1.0,1.1856673214316838e-05
CATERING/CENTER CITY,45.0,1.0,1.1856673214316838e-05
08062,,1.0,1.1856673214316838e-05
146011,,1.0,1.1856673214316838e-05
24600D,,1.0,1.1856673214316838e-05
2202A,,1.0,1.1856673214316838e-05
8040A,,1.0,1.1856673214316838e-05
501B,25.0,1.0,1.1856673214316838e-05
221E1,,1.0,1.1856673214316838e-05
22699D,,1.0,1.1856673214316838e-05
8931B,,1.0,1.1856673214316838e-05
25000H,,1.0,1.1856673214316838e-05
5200E1,25.0,1.0,1.1856673214316838e-05
806E,,1.0,1.1856673214316838e-05
8061A,,1.0,1.1856673214316838e-05
486E,,1.0,1.1856673214316838e-05
8015A,,1.0,1.1856673214316838e-05
4000A2,,1.0,1.1856673214316838e-05
2500,,1.0,1.1856673214316838e-05
21458A1,,1.0,1.1856673214316838e-05
26100A,,1.0,1.1856673214316838e-05
8046,,1.0,1.1856673214316838e-05
81704,,1.0,1.1856673214316838e-05
801803,,1.0,1.1856673214316838e-05
5608E1,,1.0,1.1856673214316838e-05
80696,,1.0,1.1856673214316838e-05
8069H,73.0,1.0,1.1856673214316838e-05
3603,,1.0,1.1856673214316838e-05
8096B,,1.0,1.1856673214316838e-05
80691K7,,1.0,1.1856673214316838e-05
4000A1B,,1.0,1.1856673214316838e-05
68714,,1.0,1.1856673214316838e-05
24200A,,1.0,1.1856673214316838e-05
251157A,,1.0,1.1856673214316838e-05
22522A,,1.0,1.1856673214316838e-05
801751,,1.0,1.1856673214316838e-05
226580,,1.0,1.1856673214316838e-05
225110,,1.0,1.1856673214316838e-05
87091,,1.0,1.1856673214316838e-05
22651JA,,1.0,1.1856673214316838e-05
86714,,1.0,1.1856673214316838e-05
22651F,,1.0,1.1856673214316838e-05
88661D,,1.0,1.1856673214316838e-05
225004,,1.0,1.1856673214316838e-05
216515,,1.0,1.1856673214316838e-05
5205A,,1.0,1.1856673214316838e-05
8935C,,1.0,1.1856673214316838e-05
225115HL,,1.0,1.1856673214316838e-05
226078A,,1.0,1.1856673214316838e-05
80632,,1.0,1.1856673214316838e-05
572522E,,1.0,1.1856673214316838e-05
22651L,,1.0,1.1856673214316838e-05
22517,35.0,1.0,1.1856673214316838e-05
26700A,,1.0,1.1856673214316838e-05
TOW TRUCK/UNAUTH,40.0,1.0,1.1856673214316838e-05
8814A,,1.0,1.1856673214316838e-05
4001,,1.0,1.1856673214316838e-05
4001A1,,1.0,1.1856673214316838e-05
4001A,,1.0,1.1856673214316838e-05
PARKING/FRONT YARD 3,143.0,1.0,1.1856673214316838e-05
80671O,,1.0,1.1856673214316838e-05
4457,,1.0,1.1856673214316838e-05
5844K7,,1.0,1.1856673214316838e-05
26100B,,1.0,1.1856673214316838e-05
1564052,,1.0,1.1856673214316838e-05
40004A,,1.0,1.1856673214316838e-05
17104B,,1.0,1.1856673214316838e-05
57252,,1.0,1.1856673214316838e-05
6342KZ,,1.0,1.1856673214316838e-05
8363,,1.0,1.1856673214316838e-05
22500H1,,1.0,1.1856673214316838e-05
27900,,1.0,1.1856673214316838e-05
17104,,1.0,1.1856673214316838e-05
572521E7,,1.0,1.1856673214316838e-05
2610B,,1.0,1.1856673214316838e-05
88661G,,1.0,1.1856673214316838e-05
4344K7,,1.0,1.1856673214316838e-05
22655K,,1.0,1.1856673214316838e-05
8805,,1.0,1.1856673214316838e-05
80712,,1.0,1.1856673214316838e-05
BLK RAIL PROHIB,113.0,1.0,1.1856673214316838e-05
22300H,,1.0,1.1856673214316838e-05
8601,,1.0,1.1856673214316838e-05
5204D,,1.0,1.1856673214316838e-05
25002A,,1.0,1.1856673214316838e-05
22101B,,1.0,1.1856673214316838e-05
22515B,,1.0,1.1856673214316838e-05
6044K7,,1.0,1.1856673214316838e-05
80691E,,1.0,1.1856673214316838e-05
11201B,,1.0,1.1856673214316838e-05
22523AG,,1.0,1.1856673214316838e-05
88011,,1.0,1.1856673214316838e-05
8039,,1.0,1.1856673214316838e-05
5209,,1.0,1.1856673214316838e-05
80693,,1.0,1.1856673214316838e-05
226511,,1.0,1.1856673214316838e-05
PRK FLOOD CNTL CHANL,35.0,1.0,1.1856673214316838e-05
5021G,,1.0,1.1856673214316838e-05
6844K8,,1.0,1.1856673214316838e-05
5600A1,,1.0,1.1856673214316838e-05
21367C,,1.0,1.1856673214316838e-05
4500A,,1.0,1.1856673214316838e-05
4119,,1.0,1.1856673214316838e-05
2251156A,,1.0,1.1856673214316838e-05
80611,,1.0,1.1856673214316838e-05
27500H,,1.0,1.1856673214316838e-05
89694,,1.0,1.1856673214316838e-05
4118,,1.0,1.1856673214316838e-05
8344,,1.0,1.1856673214316838e-05
4008,,1.0,1.1856673214316838e-05
4461L,,1.0,1.1856673214316838e-05
80764,,1.0,1.1856673214316838e-05
6344KB,,1.0,1.1856673214316838e-05
80661B,,1.0,1.1856673214316838e-05
572571E,,1.0,1.1856673214316838e-05
2251154A,,1.0,1.1856673214316838e-05
63044K2,,1.0,1.1856673214316838e-05
8061D,,1.0,1.1856673214316838e-05
22507HC2,,1.0,1.1856673214316838e-05
225157B,,1.0,1.1856673214316838e-05
8006,,1.0,1.1856673214316838e-05
23333,63.0,1.0,1.1856673214316838e-05
22511A,,1.0,1.1856673214316838e-05
6344B1,,1.0,1.1856673214316838e-05
PARKING UNDESIGATED,35.0,1.0,1.1856673214316838e-05
5749088,,1.0,1.1856673214316838e-05
METER OFFENSE,40.0,1.0,1.1856673214316838e-05
2251175B,,1.0,1.1856673214316838e-05
2265101C,,1.0,1.1856673214316838e-05
71183,,1.0,1.1856673214316838e-05
28869B,,1.0,1.1856673214316838e-05
80609BC,,1.0,1.1856673214316838e-05
80682,,1.0,1.1856673214316838e-05
226581A,,1.0,1.1856673214316838e-05
8966,,1.0,1.1856673214316838e-05
572521B,105.0,1.0,1.1856673214316838e-05
40001B1,50.0,1.0,1.1856673214316838e-05
83722,,1.0,1.1856673214316838e-05
26706,35.0,1.0,1.1856673214316838e-05
12500C,,1.0,1.1856673214316838e-05
22615B,,1.0,1.1856673214316838e-05
4705,,1.0,1.1856673214316838e-05
5904A,,1.0,1.1856673214316838e-05
80351B,,1.0,1.1856673214316838e-05
80681D,,1.0,1.1856673214316838e-05
25522,363.0,1.0,1.1856673214316838e-05
8949,,1.0,1.1856673214316838e-05
26708B,,1.0,1.1856673214316838e-05
8080692,,1.0,1.1856673214316838e-05
52000,,1.0,1.1856673214316838e-05
89691D,,1.0,1.1856673214316838e-05
22520E,63.0,1.0,1.1856673214316838e-05
5608,,1.0,1.1856673214316838e-05
22650,,1.0,1.1856673214316838e-05
2502A,,1.0,1.1856673214316838e-05
2265D,,1.0,1.1856673214316838e-05
22503A,,1.0,1.1856673214316838e-05
6349K2,,1.0,1.1856673214316838e-05
5206A,,1.0,1.1856673214316838e-05
8073B2B,45.0,1.0,1.1856673214316838e-05
2265B1,,1.0,1.1856673214316838e-05
8939B1,68.0,1.0,1.1856673214316838e-05
80694A,73.0,1.0,1.1856673214316838e-05
5977A,,1.0,1.1856673214316838e-05
522521D,,1.0,1.1856673214316838e-05
8649,,1.0,1.1856673214316838e-05
8040,,1.0,1.1856673214316838e-05
PK VEH SALE/RNT,35.0,1.0,1.1856673214316838e-05
1564271,,1.0,1.1856673214316838e-05
24003,,1.0,1.1856673214316838e-05
2265,,1.0,1.1856673214316838e-05
807141,,1.0,1.1856673214316838e-05
4462,25.0,1.0,1.1856673214316838e-05
8089,,1.0,1.1856673214316838e-05
24500H,,1.0,1.1856673214316838e-05
6049,,1.0,1.1856673214316838e-05
6344D4,,1.0,1.1856673214316838e-05
22102A,,1.0,1.1856673214316838e-05
8060E,,1.0,1.1856673214316838e-05
225002E,,1.0,1.1856673214316838e-05
80793,,1.0,1.1856673214316838e-05
22653A,,1.0,1.1856673214316838e-05
8049H,,1.0,1.1856673214316838e-05
25502A,,1.0,1.1856673214316838e-05
6349,,1.0,1.1856673214316838e-05
2251156,,1.0,1.1856673214316838e-05
22659A,,1.0,1.1856673214316838e-05
23500E,,1.0,1.1856673214316838e-05
63442,,1.0,1.1856673214316838e-05
VIOL EMER RULES,58.0,1.0,1.1856673214316838e-05
BALD TIRES,35.0,1.0,1.1856673214316838e-05
TM LMT EXCEEDED,58.0,1.0,1.1856673214316838e-05
8036,,1.0,1.1856673214316838e-05
8056A,,1.0,1.1856673214316838e-05
8101B,,1.0,1.1856673214316838e-05
8066D1,,1.0,1.1856673214316838e-05
5404A,,1.0,1.1856673214316838e-05
8600,,1.0,1.1856673214316838e-05
22522B,,1.0,1.1856673214316838e-05
22511B,,1.0,1.1856673214316838e-05
89696,,1.0,1.1856673214316838e-05
5725E,,1.0,1.1856673214316838e-05
2000A1,,1.0,1.1856673214316838e-05
2251657B,,1.0,1.1856673214316838e-05
20500E,,1.0,1.1856673214316838e-05
80611D,,1.0,1.1856673214316838e-05
9850,,1.0,1.1856673214316838e-05
21113C,40.0,1.0,1.1856673214316838e-05
6844,,1.0,1.1856673214316838e-05
2344K7,,1.0,1.1856673214316838e-05
63447K,,1.0,1.1856673214316838e-05
1221A8B,,1.0,1.1856673214316838e-05
8058D,,1.0,1.1856673214316838e-05
134200,,1.0,1.1856673214316838e-05
8813C,63.0,1.0,1.1856673214316838e-05
5202C,,1.0,1.1856673214316838e-05
6444K,,1.0,1.1856673214316838e-05
22602A,,1.0,1.1856673214316838e-05
24252A,,1.0,1.1856673214316838e-05
5002,35.0,1.0,1.1856673214316838e-05
6344816,,1.0,1.1856673214316838e-05
,,,
